Workbook

Sheet Project Info
A1: CABINET ESTIMATION — PROJECT INFORMATION
A2: Casa Familia — Atlantic Pacific Communities
A4: Project Name:
A5: Project ID: | B5: =IF(B4<>"","PROJ-"&TEXT(TODAY(),"YYYYMMDD"),"")
A6: Date: | B6: =TODAY()
A7: Prepared By: | B7: Estimation Team
A9: Building Type: | B9: Residential — Type V-A
A10: Price List:
A11: GP Target %: | B11: 0.35
A13: Bldg A Units: | B13: 25
A14: Bldg B Units: | B14: 25
A15: Total Units: | B15: =B13+B14
A16: Comm. Center: | B16: 1
A18: NOTE: Blue cells are inputs. Fill in Project Name, Price List tag, and GP % before sending to automation system. Unit counts update automatically.

Sheet Cabinet Matrix
A1: CABINET MATRIX — UNIT TYPE BREAKDOWN
A2: ='Project Info'!B4&" | Project ID: "&'Project Info'!B5&" | Total Units: "&'Project Info'!B15
A4: Unit Type | B4: Unit Count | C4: Floor(s) | D4: KITCHEN — Upper Cabinets | H4: KITCHEN — Lower / Base Cabinets | L4: Kitchen Totals | N4: BATH — Vanities | Q4: Bath Total | R4: Unit Grand Total
A5: Unit Type | B5: Qty | C5: Floor(s) | D5: Wall Cab | E5: Wall Cab | F5: Corner Wall | G5: Specialty | H5: Base Cab | I5: Base Cab | J5: Corner Base | K5: Specialty | L5: Kitchen Sub | M5: Kitchen Total | N5: Single Van | O5: Double Van | P5: Linen/Med | Q5: Bath Sub | R5: UNIT TOTAL
A6: A1 — 1BR | B6: 14 | C6: Ground/2nd/3rd | D6: 3 | E6: 0 | F6: 1 | G6: 0 | H6: 5 | I6: 0 | J6: 1 | K6: 0 | L6: =SUM(D6:K6) | M6: =L6*VALUE(B6) | N6: 1 | O6: 0 | P6: 1 | Q6: =SUM(N6:P6) | R6: =L6+Q6
A7: A2-FA — 1BR Accessible | B7: 6 | C7: Ground/2nd/3rd | D7: 3 | E7: 0 | F7: 1 | G7: 0 | H7: 4 | I7: 0 | J7: 1 | K7: 0 | L7: =SUM(D7:K7) | M7: =L7*VALUE(B7) | N7: 1 | O7: 0 | P7: 1 | Q7: =SUM(N7:P7) | R7: =L7+Q7
A8: A3 — 1BR | B8: 6 | C8: Ground/2nd/3rd | D8: 3 | E8: 0 | F8: 0 | G8: 0 | H8: 5 | I8: 0 | J8: 0 | K8: 0 | L8: =SUM(D8:K8) | M8: =L8*VALUE(B8) | N8: 1 | O8: 0 | P8: 0 | Q8: =SUM(N8:P8) | R8: =L8+Q8
A9: B1 — 2BR | B9: 12 | C9: Ground/2nd/3rd | D9: 4 | E9: 0 | F9: 1 | G9: 0 | H9: 6 | I9: 0 | J9: 1 | K9: 0 | L9: =SUM(D9:K9) | M9: =L9*VALUE(B9) | N9: 2 | O9: 0 | P9: 1 | Q9: =SUM(N9:P9) | R9: =L9+Q9
A10: B2-FA — 2BR Accessible | B10: 6 | C10: Ground/2nd/3rd | D10: 4 | E10: 0 | F10: 1 | G10: 0 | H10: 5 | I10: 0 | J10: 1 | K10: 0 | L10: =SUM(D10:K10) | M10: =L10*VALUE(B10) | N10: 2 | O10: 0 | P10: 1 | Q10: =SUM(N10:P10) | R10: =L10+Q10
A11: B3 — 2BR | B11: 6 | C11: Ground/2nd/3rd | D11: 4 | E11: 0 | F11: 0 | G11: 0 | H11: 6 | I11: 0 | J11: 0 | K11: 0 | L11: =SUM(D11:K11) | M11: =L11*VALUE(B11) | N11: 2 | O11: 0 | P11: 1 | Q11: =SUM(N11:P11) | R11: =L11+Q11
A12: PROJECT TOTALS | D12: =SUMPRODUCT((D6:D11)*VALUE(B6:B11)) | E12: =SUMPRODUCT((E6:E11)*VALUE(B6:B11)) | F12: =SUMPRODUCT((F6:F11)*VALUE(B6:B11)) | G12: =SUMPRODUCT((G6:G11)*VALUE(B6:B11)) | H12: =SUMPRODUCT((H6:H11)*VALUE(B6:B11)) | I12: =SUMPRODUCT((I6:I11)*VALUE(B6:B11)) | J12: =SUMPRODUCT((J6:J11)*VALUE(B6:B11)) | K12: =SUMPRODUCT((K6:K11)*VALUE(B6:B11)) | L12: =SUM(L6:L11) | M12: =SUM(M6:M11) | N12: =SUMPRODUCT((N6:N11)*VALUE(B6:B11)) | O12: =SUMPRODUCT((O6:O11)*VALUE(B6:B11)) | P12: =SUMPRODUCT((P6:P11)*VALUE(B6:B11)) | Q12: =SUM(Q6:Q11) | R12: =SUM(R6:R11)

Sheet Cabinet Library
A1: CABINET LIBRARY — STANDARD SPECIFICATIONS
A2: Cabinet Code | B2: Description | C2: Type | D2: Width (in) | E2: Height (in) | F2: Depth (in) | G2: Finish Tier | H2: Door Style | I2: Notes
A3: W3012 | B3: Wall Cabinet 30W x 12H | C3: Upper | D3: 30 | E3: 12 | F3: 12 | G3: Standard 1 | H3: Shaker
A4: W3618 | B4: Wall Cabinet 36W x 18H | C4: Upper | D4: 36 | E4: 18 | F4: 12 | G4: Standard 1 | H4: Shaker
A5: W3630 | B5: Wall Cabinet 36W x 30H | C5: Upper | D5: 36 | E5: 30 | F5: 12 | G5: Standard 1 | H5: Shaker
A6: W3042 | B6: Wall Cabinet 30W x 42H | C6: Upper | D6: 30 | E6: 42 | F6: 12 | G6: Standard 1 | H6: Shaker | I6: Over fridge
A7: WC2430 | B7: Corner Wall Cabinet 24W | C7: Upper | D7: 24 | E7: 30 | F7: 12 | G7: Standard 1 | H7: Shaker | I7: Blind corner
A8: B36 | B8: Base Cabinet 36W | C8: Lower | D8: 36 | E8: 34.5 | F8: 24 | G8: Standard 1 | H8: Shaker
A9: B30 | B9: Base Cabinet 30W | C9: Lower | D9: 30 | E9: 34.5 | F9: 24 | G9: Standard 1 | H9: Shaker
A10: B24 | B10: Base Cabinet 24W | C10: Lower | D10: 24 | E10: 34.5 | F10: 24 | G10: Standard 1 | H10: Shaker
A11: B18 | B11: Base Cabinet 18W | C11: Lower | D11: 18 | E11: 34.5 | F11: 24 | G11: Standard 1 | H11: Shaker
A12: BC36 | B12: Corner Base Cabinet | C12: Lower | D12: 36 | E12: 34.5 | F12: 24 | G12: Standard 1 | H12: Shaker | I12: Lazy susan option
A13: T1884 | B13: Tall Pantry 18W x 84H | C13: Tall | D13: 18 | E13: 84 | F13: 24 | G13: Standard 1 | H13: Shaker
A14: T2484 | B14: Tall Pantry 24W x 84H | C14: Tall | D14: 24 | E14: 84 | F14: 24 | G14: Standard 1 | H14: Shaker
A15: T2490 | B15: Tall Utility 24W x 90H | C15: Tall | D15: 24 | E15: 90 | F15: 24 | G15: Standard 1 | H15: Shaker
A16: VAN24 | B16: Bath Vanity 24W | C16: Vanity | D16: 24 | E16: 34.5 | F16: 21 | G16: Standard 1 | H16: Shaker | I16: Single sink
A17: VAN30 | B17: Bath Vanity 30W | C17: Vanity | D17: 30 | E17: 34.5 | F17: 21 | G17: Standard 1 | H17: Shaker | I17: Single sink
A18: VAN36 | B18: Bath Vanity 36W | C18: Vanity | D18: 36 | E18: 34.5 | F18: 21 | G18: Standard 1 | H18: Shaker | I18: Single sink
A19: VAN48 | B19: Bath Vanity 48W | C19: Vanity | D19: 48 | E19: 34.5 | F19: 21 | G19: Standard 1 | H19: Shaker | I19: Double sink
A20: VAN60 | B20: Bath Vanity 60W | C20: Vanity | D20: 60 | E20: 34.5 | F20: 21 | G20: Standard 1 | H20: Shaker | I20: Double sink
A21: MED24 | B21: Medicine Cabinet 24W | C21: Bath | D21: 24 | E21: 30 | F21: 4 | G21: Standard 1 | H21: Mirror | I21: Surface mount
A22: LIN18 | B22: Linen Cabinet 18W x 84H | C22: Bath | D22: 18 | E22: 84 | F22: 18 | G22: Standard 1 | H22: Shaker

Sheet Summary
A1: CABINET COUNT SUMMARY
A3: Project Name | B3: ='Project Info'!B4
A4: Date | B4: ='Project Info'!B6
A5: Total Residential Units | B5: ='Project Info'!B15
A6: Total Kitchen Cabinets | B6: ='Cabinet Matrix'!M12
A7: Total Bath Cabinets | B7: ='Cabinet Matrix'!Q12
A8: GRAND TOTAL CABINETS | B8: ='Cabinet Matrix'!R12
A9: Price List | B9: ='Project Info'!B10
A10: Target GP % | B10: ='Project Info'!B11
